id,name
0,action_061
1,action_062
2,action_063
3,action_064
4,action_065
5,action_066
6,action_067
7,action_068
8,action_069
9,action_070
10,action_071
11,action_072
12,action_073
13,action_074
14,action_075
15,action_076
16,action_077
17,action_078
18,action_079
19,action_080
20,action_081
21,action_082
22,action_083
23,action_084
24,action_085
25,action_086
26,action_087
27,action_088
28,action_089
29,action_090
30,action_091
31,action_092
32,action_093
33,action_094
34,action_095
35,action_096
36,action_097
37,action_098
38,action_099
39,action_100
40,action_101
41,action_102
42,action_103
43,action_104
44,action_105
45,action_106
46,action_107
47,action_108
48,action_109
49,action_110
50,action_111
51,action_112
52,action_113
53,action_114
54,action_115
55,action_116
56,action_117
57,action_118
58,action_119
59,action_120
